"Year","ActualResourceHrs","TotalOrdersQty","ThroughputRate(Hour)"
2013,97188,677075,6.966602084398700671991702
2012,53488,464304,8.680412872251522284145997
