"Year","OrderQty","ScrappedQty","%%ScrapRate%%"
2013,1909963,5496,0.287754265396
2012,1304350,2962,0.227086288189
