"Year","%%OnTimeDeliveryRate%%"
2013,76.118318629994
2012,78.002460814208
